시군구,SIG_CD,SIG_KOR_NM,인구수,사망률,고령화비율,전체 가구수,산림면적(ha),고용률,경제활동인구,유소년비율,조출생률,1인 가구비율,터널수,만명당 매장 수,만명 당 의료기관 수,만명당 3차병원수,만명당 2차병원 수,만명당 1차병원 수,만명당 요양병원 수,만먕당 한의원 수,1차산업비율,2차산업비율,3차산업비율,ktx거리,빈집비율,산지면적/도시면적,재정자립도,연평균인구증감률,시도,총가구수,cluster
강원도 삼척시,42230,삼척시,65623.0,964.6,24.49598464,31016,104323,61.0,70.0,9.679533091,5.455404355,0.40353366,20,0.6095423861,8.381207808,0.0,0.1523855965,0.1523855965,0.1523855965,1.523855965,9.12,16.64,74.38,6.574,17.2,13.05962162,13.5,-1.6028,강원도,31016,0
강원도 영월군,42750,영월군,38345.0,1053.6,28.81992437,17175,95389,65.8,43.4,7.560307732,3.20771939,0.3787481805,11,1.043160777,8.345286217,0.0,0.2607901943,0.2607901943,0.2607901943,1.564741166,25.87,12.82,61.07,23.651,11.3,36.15424558,15.2,-0.8921,강원도,17175,0
강원도 정선군,42770,정선군,36313.0,1027.2,26.84713463,16375,104220,70.0,43.1,8.385426707,3.662600171,0.3777709924,1,0.8261504145,9.087654559,0.0,0.0,0.550766943,0.0,1.376917357,16.63,13.35,70.02,28.7242,14.3,24.497452,21.5,-1.2152,강원도,16375,0
강원도 태백시,42190,태백시,42288.0,848.9,23.72540673,18688,26855,61.6,45.0,10.75482406,3.807226636,0.3435359589,3,0.9458948165,8.276579644,0.0,0.2364737041,0.2364737041,0.0,1.655315929,2.48,16.93,80.14,39.1708,15.2,4.035657449,18.5,-2.3956,강원도,18688,0
강원도 홍천군,42720,홍천군,68652.0,1091.0,25.48942493,29533,151734,71.1,81.7,9.220416011,4.297034318,0.3343717198,88,0.8739730816,10.77900134,0.0,0.1456621803,0.2913243605,0.4369865408,1.747946163,28.52,13.7,57.66,26.1157,13.1,49.40029692,12.1,-0.2989,강원도,29533,0
강원도 횡성군,42730,횡성군,46150.0,1118.1,28.66738895,19775,76193,66.2,52.9,8.047670639,3.445287107,0.3227812895,17,0.8667388949,9.967497291,0.0,0.0,0.2166847237,0.2166847237,3.033586132,34.74,15.93,49.52,2.4118,13.2,76.81597758,11.4,0.2604,강원도,19775,0
경기도 가평군,41820,가평군,61675.0,1060.4,25.36359951,26056,69030,61.0,64.9,9.139845967,4.29671666,0.3452563709,24,1.134981759,11.18767734,0.0,0.0,0.3242805026,0.6485610053,2.43210377,13.1,13.42,73.48,37.6521,15.6,8.429662447,18.0,-0.0284,경기도,26056,0
경기도 연천군,41800,연천군,43104.5,1090.4,25.62841467,18368,41162,62.0,45.2,9.985036365,5.637462446,0.337543554,2,0.4639886787,8.351796216,0.0,0.0,0.0,0.2319943393,1.623960375,25.0,18.92,55.86,55.5834,6.9,13.52007384,18.3,-1.3283,경기도,18368,0
경상남도 거창군,48880,거창군,61478.0,1159.8,27.19672078,26054,60250,67.9,71.7,10.52083672,3.871303556,0.3372610732,8,0.9759588796,13.17544487,0.0,0.0,0.4879794398,0.4879794398,2.277237386,35.69,13.88,50.42,53.3994,14.8,18.88329964,8.9,-0.7209,경상남도,26054,0
경상남도 밀양시,48270,밀양시,104300.5,1131.3,27.73332822,46860,51798,61.2,113.1,9.109256427,3.576205291,0.3552069996,47,0.5752609048,10.4505731,0.0,0.0,0.7670145397,0.3835072699,2.301043619,30.88,18.07,50.95,3.8183,15.0,8.430430799,13.7,-0.8229,경상남도,46860,0
경상남도 함안군,48730,함안군,64502.0,1003.1,24.19614896,27594,20927,64.7,72.2,11.43995535,3.209202815,0.320576937,16,0.6201358097,8.991969241,0.0,0.0,0.4651018573,0.4651018573,1.860407429,24.4,28.07,47.25,16.0169,12.3,5.339078832,16.8,-1.7709,경상남도,27594,0
경상북도 고령군,47830,고령군,31646.5,1317.7,30.79013477,13917,24367,69.0,37.9,7.887128118,3.159907099,0.336710498,31,0.6319814197,12.63962839,0.0,0.0,0.3159907099,0.3159907099,2.843916389,34.4,22.4,43.2,30.5452,13.2,7.503610614,11.7,-2.1839,경상북도,13917,0
경상북도 문경시,47280,문경시,71266.5,1202.5,29.55806725,30839,70256,60.6,75.9,9.304511938,4.588411105,0.3470281138,23,0.5612735296,12.48833603,0.0,0.1403183824,0.2806367648,0.1403183824,2.525730883,28.07,13.9,58.03,43.5487,12.1,18.53681189,11.3,-1.1218,경상북도,30839,0
경상북도 안동시,47170,안동시,158634.0,980.2,24.14299583,71424,106975,61.7,175.2,10.94973335,4.576572488,0.3706737231,43,1.134687394,11.28383575,0.0,0.1891145656,0.1891145656,0.4412673197,2.647603918,26.14,13.54,60.39,4.9948,14.8,13.53644432,10.6,-1.4983,경상북도,71424,0
경상북도 영주시,47210,영주시,103452.0,1023.7,26.62490817,45970,41154,59.0,109.1,10.19313305,3.499207362,0.3411572765,10,0.7733054943,11.01960329,0.0,0.09666318679,0.3866527472,0.3866527472,2.513242857,23.22,19.1,57.87,0.478,9.3,8.218751311,11.5,-1.4328,경상북도,45970,0
경상북도 영천시,47230,영천시,101506.0,1183.2,27.61708667,45647,62185,67.3,121.9,8.793568853,5.6154316,0.3592788135,16,0.7881307509,12.51157567,0.0,0.09851634386,0.09851634386,0.2955490316,3.645104723,36.09,22.64,41.35,26.582,14.0,10.91031905,15.4,0.3695,경상북도,45647,0
경상북도 울진군,47930,울진군,48710.0,1190.7,27.55696982,22006,84811,62.0,52.3,9.620201191,4.249640731,0.3803508134,0,1.231779922,10.88072264,0.0,0.0,0.2052966537,0.4105933073,1.847669883,21.33,13.11,65.56,61.3473,18.5,17.69830803,10.7,-1.4934,경상북도,22006,0
인천광역시 강화군,28710,강화군,68662.0,1316.6,32.37161749,28145,17682,67.2,78.9,8.119483848,4.558562232,0.2876176941,0,0.5825638636,10.34050858,0.0,0.1456409659,0.1456409659,0.4369228977,2.47589642,32.95,15.44,51.74,33.9357,14.5,10.21691147,14.5,0.4357,인천광역시,28145,0
전라남도 영광군,46870,영광군,52970.0,1238.4,28.68604871,22102,20632,69.7,57.8,10.89862186,10.53426468,0.3453986065,10,0.3775722107,13.59259958,0.0,0.3775722107,0.0,0.1887861053,2.643005475,36.65,14.49,49.04,29.6754,15.3,4.388256013,10.5,-1.152,전라남도,22102,0
전라남도 영암군,46830,영암군,53651.0,1137.0,26.24182215,25307,22487,69.7,69.6,10.84043168,5.312109746,0.3603745999,17,0.559169447,12.11533802,0.0,0.0,0.3727796313,0.1863898157,2.609457419,32.7,25.73,41.72,23.8725,21.8,2.190799364,13.0,-1.4998,전라남도,25307,0
전라남도 장성군,46880,장성군,44714.5,1183.1,29.31487549,17583,31745,67.6,47.0,10.05490389,5.81466862,0.3074560655,25,0.894564403,11.62933724,0.0,0.0,0.4472822015,0.4472822015,1.789128806,39.52,16.41,44.28,18.3214,16.7,2.922111395,11.8,-0.9014,전라남도,17583,0
전라북도 남원시,45190,남원시,80653.5,1232.4,27.61690441,34331,46955,66.0,90.9,10.60462348,4.723911548,0.332177915,40,0.6199358986,15.62238465,0.0,0.1239871797,0.1239871797,0.4959487189,2.603730774,31.58,14.06,54.13,2.6895,12.9,15.32098866,9.1,-1.0639,전라북도,34331,0
전라북도 정읍시,45180,정읍시,108474.0,1178.2,27.17978502,46850,32338,64.1,119.3,10.24853882,3.392518023,0.3321878335,10,0.737503918,14.65789037,0.0,0.09218798975,0.2765639692,0.4609399487,2.673451703,32.26,20.69,47.04,1.432,14.7,6.760533935,9.5,-1.4792,전라북도,46850,0
충청남도 공주시,44150,공주시,104677.0,1091.0,25.5930147,46981,60071,62.7,124.5,9.383150071,4.337151428,0.359421894,30,0.7642557582,13.66107168,0.0,0.09553196977,0.09553196977,0.7642557582,3.152555003,29.0,19.14,51.95,12.8162,13.0,9.992680695,12.5,-1.248,충청남도,46981,0
충청남도 금산군,44710,금산군,51373.0,1327.5,30.54522804,24102,40328,67.2,66.1,9.34148288,3.601113425,0.3644095926,8,0.778619119,14.4044537,0.0,0.0,0.1946547797,0.5839643392,3.309131256,35.44,19.11,45.76,24.9441,13.3,13.69227687,12.6,-1.4977,충청남도,24102,0
충청남도 논산시,44230,논산시,116625.5,1128.4,25.93257907,51800,23242,64.6,133.3,10.44968725,4.184333615,0.3391119691,3,0.9431899542,14.3193384,0.0,0.08574454129,0.1714890826,0.8574454129,3.172548028,31.21,18.3,50.42,2.2691,11.9,4.662331045,11.4,-1.3538,충청남도,51800,0
충청남도 보령시,44180,보령시,99852.5,997.5,25.3824391,43181,32707,63.6,111.7,10.32222528,4.076012118,0.3183112943,5,1.101624897,11.81743071,0.0,0.1001477179,0.2002954358,0.2002954358,2.904283819,20.75,19.47,59.69,43.3527,12.7,10.87905216,13.6,-0.8888,충청남도,43181,0
충청남도 예산군,44810,예산군,78071.5,1264.2,30.73336621,34488,24506,67.7,93.4,8.210422497,3.163766547,0.3208362329,11,0.7685262868,11.78406973,0.0,0.1280877145,0.2561754289,0.0,2.561754289,38.28,18.65,42.86,26.3595,15.1,6.656996012,12.7,-1.0158,충청남도,34488,0
충청북도 단양군,43800,단양군,29143.0,1132.3,30.02779398,12845,64227,66.1,32.6,7.480355488,2.539203239,0.3620085636,25,1.029406719,12.35288062,0.0,0.0,0.0,0.3431355729,1.715677864,25.79,16.35,58.18,2.3648,15.2,18.01856647,11.6,-1.1236,충청북도,12845,0
충청북도 옥천군,43730,옥천군,50381.0,1206.8,29.19553006,20937,349001,63.2,56.4,9.037137016,3.513229194,0.2933562593,25,0.7939501002,14.48958933,0.0,0.1984875251,0.0,0.5954625752,2.977312876,29.42,19.86,50.54,12.7339,11.7,63.38442818,11.4,-0.8429,충청북도,20937,0
